geom	wkt_geom	teste
[[-48.67870848748591328,-26.90646875934699267],[ -48.68021863378773872,-26.91381761359810199],[ -48.67352902370073053,-26.91451134199833817],[ -48.67291076209419032,-26.90741532371750466]],[[-48.67633893997933825,-26.90866270152478279],[ -48.67429602293007207,-26.90463955050788059],[ -48.66689756845614312,-26.90591675375841518],[ -48.66853606047627778,-26.91344645253557033]]	MultiLineString ((-48.67870848748591328 -26.90646875934699267, -48.68021863378773872 -26.91381761359810199, -48.67352902370073053 -26.91451134199833817, -48.67291076209419032 -26.90741532371750466),(-48.67633893997933825 -26.90866270152478279, -48.67429602293007207 -26.90463955050788059, -48.66689756845614312 -26.90591675375841518, -48.66853606047627778 -26.91344645253557033))	ttteste